text,label
"The president announces new economic measures",1
"Cure for cancer discovered",0
"7.5 magnitude earthquake recorded",1
"Study demonstrates benefits of regular exercise",0
"Politician accused of corruption",1
"Advancements in understanding the origins of the universe",0
"Company announces job cuts",1
"New breakthroughs in artificial intelligence",0
"Scandal involving financial fraud in a company",1
"Discovery of a new insect species",0
"Law passed to protect the environment",0
"Famous actor to star in upcoming action film",0
"Rumors of a celebrity couple's possible divorce",1
"Tech company launches revolutionary new product",0
"Food shortage affects regions of the country",1
"Scientists find evidence of extraterrestrial life",0
"Controversy over government's migration policy decision",1
"Discovery of an ancient archaeological treasure",0
"Scandal involving personal data leak",1
"Experts warn of increasing pollution",1
"Study reveals benefits of consuming fruits and vegetables",0
"New law aims to promote gender equality",0
"Corruption scandal rocks the business world",1
"Researchers develop vaccine for a disease",0
"Famous athlete announces retirement",0
"Changes in the education system announced",0
"Increase in cases of theft in the city",1
"Study suggests a link between certain foods and health",0
"Government unveils plan to address housing crisis",0
"Company accused of unfair labor practices",1
"New scientific discovery in the field of astronomy",0
"Controversial decision sparks debate on social media",1
"Breakthrough in renewable energy technology",0
"Concerns raised over rising healthcare costs",1
"Researchers investigate potential treatment for Alzheimer's",0
"Local community comes together to support a charity event",0
"Police arrest suspect in high-profile murder case",1
"Scientists discover new species in the deep sea",0
"Company under investigation for securities fraud",1
"Study shows benefits of mindfulness meditation",0
"Public transportation strike disrupts city services",1
"New study challenges conventional wisdom on diet and health",0
"Political unrest grips the capital city",1
"Researchers make progress in understanding climate change",0
"Controversy surrounding proposed tax reforms",1
"New archaeological findings shed light on ancient civilization",0
"Company faces lawsuit over defective product",1
"Breakthrough in cancer research offers hope for patients",0
"Local artist wins prestigious art competition",0
"Government launches initiative to reduce carbon emissions",0
"Increase in cyberattacks raises concerns about online security",1
"Study suggests link between air pollution and respiratory diseases",0
"Corruption scandal implicates high-ranking officials",1
"Researchers discover potential treatment for Alzheimer's",0
"New public transportation system to be implemented",0
"Stock market experiences significant downturn",1
"Scientific breakthrough holds promise for renewable energy",0
"Community volunteers organize cleanup effort",0
"Police crackdown on organized crime syndicate",1
"Scientists study impact of climate change on wildlife",0
"Political leader faces impeachment proceedings",1
"Breakthrough in genetic research leads to new therapies",0
"Artificial intelligence technology improves healthcare outcomes",0
"Major fire breaks out in industrial area",1
"Study reveals benefits of early childhood education",0
"Government announces tax cuts for middle-income families",0
"Company accused of environmental pollution",1
"Researchers investigate potential link between technology use and mental health",0
"New regulations aim to curb illegal fishing practices",0
"Corruption scandal engulfs political party",1
"Scientists make progress in understanding the human brain",0
"Controversial policy sparks protests across the country",1
"Breakthrough in clean energy research",0
"Local charity receives large donation",0
"Police investigate series of bank robberies",1
"Scientists discover new species of marine life",0
"Company faces allegations of price fixing",1
"Study shows benefits of regular physical activity",0
"Government launches initiative to combat homelessness",0
"Stock market experiences record-breaking gains",0
"Controversy surrounds proposed healthcare reform",1
"Researchers develop new treatment for a rare disease",0
"Art exhibition showcases local talent",0
"Political leader resigns amid scandal",1
"Breakthrough in quantum computing technology",0
"Community garden project promotes sustainable living",0
"Police arrest key suspect in drug trafficking ring",1
"Scientists study effects of climate change on agriculture",0
"Political unrest leads to mass protests",1
"New breakthrough in cancer treatment research",0
"New technology enables faster internet speeds",0
"International summit addresses climate change challenges",0
"Start-up company receives funding for innovative project",0
"Study reveals benefits of music therapy for mental health",0
"Controversy erupts over proposed immigration policy",1
"Scientists make progress in understanding human immune system",0
"Company accused of unethical business practices faces investigation",1
"Research shows benefits of pet ownership for overall well-being",0
"Political leader delivers inspiring speech on national unity",0
"Breakthrough in renewable energy storage technology",0
"Concerns raised over cybersecurity vulnerabilities",1
"Researchers investigate potential treatment for rare genetic disorder",0
"Local community celebrates opening of new community center",0
"Police solve high-profile cold case with new forensic techniques",1
"Scientists discover new species in remote rainforest",0
"Company faces legal action over data privacy breach",1
"Study shows benefits of yoga for stress reduction",0
"Public transportation system expands with new routes and services",0
"New study challenges current theories in astrophysics",0
"Controversial policy decision sparks public outcry",1
"Breakthrough in energy-efficient building materials",0
"Concerns raised over access to affordable healthcare",1
"Researchers develop new drug delivery system for targeted therapy",0
"Community volunteers organize beach cleanup to protect marine life",0
"Police dismantle international drug trafficking operation",1
"Scientists study effects of pollution on coral reefs",0
"Political leader faces public backlash over controversial remarks",1
"Breakthrough in quantum mechanics opens new possibilities",0
"Community garden project wins national sustainability award",0
"Police arrest major criminal organization leader",1
"Scientists investigate impact of climate change on biodiversity",0
"Political scandal rocks national government",1
"Researchers develop innovative technology for renewable energy generation",0
"Study shows benefits of art therapy for mental well-being",0
"Government invests in infrastructure to improve transportation system",0
"Controversial court ruling sparks nationwide protests",1
"Breakthrough in stem cell research offers potential for regenerative medicine",0
"Concerns raised over rising levels of air pollution",1
"Company accused of insider trading faces legal consequences",1
"Researchers study link between diet and brain health",0
"Government implements new policies to promote renewable energy adoption",0
"Scientists discover new archaeological site with ancient artifacts",0
"Financial market experiences volatility due to global economic uncertainty",1
"Government launches initiative to support small businesses and entrepreneurship",0
"Study shows benefits of early childhood intervention programs",0
"Controversial policy change affects education system",1
"Scientists make progress in understanding neurodegenerative diseases",0
"Company faces public backlash for discriminatory practices",1
"Research suggests link between air pollution and cardiovascular health",0
"Political leader proposes comprehensive immigration reform",0
"Breakthrough in nanotechnology opens new possibilities for electronics",0
"Community organization provides free meals to those in need",0
"Police investigate series of cybercrimes targeting financial institutions",1
"Scientists study effects of climate change on freshwater ecosystems",0
"Political unrest escalates in response to government corruption",1
"New breakthrough in gene therapy offers hope for genetic disorders",0
"Study reveals benefits of meditation for stress management",0
"Government launches campaign to promote renewable energy adoption",0
"Controversial decision sparks debate on social justice",1
"Breakthrough in medical research leads to development of new treatment",0
"Concerns raised over rising levels of plastic pollution",1
"Researchers investigate potential link between technology use and sleep disorders",0
"New regulations aim to protect endangered species",0
"Corruption scandal implicates high-ranking officials in international organization",1
"Scientists make progress in understanding the origins of the universe",0
"Controversial policy sparks protests and demonstrations",1
"Breakthrough in clean water technology addresses global water scarcity",0
"Community-based initiative tackles homelessness and poverty",0
"Police apprehend notorious art thief",1
"Scientists study impact of climate change on coastal ecosystems",0
"Political leader faces impeachment following corruption allegations",1
"New breakthrough in genetic engineering offers potential for medical advancements",0
"Study shows benefits of physical activity for mental and physical health",0
"Government launches initiative to promote gender equality in the workplace",0
"Company faces investigation for environmental pollution violations",1
"Researchers investigate potential link between social media use and depression",0
"Controversy surrounds proposed tax reforms and their impact on the economy",1
"Breakthrough in renewable energy technology leads to increased efficiency",0
"Concerns raised over rising healthcare costs and access to quality care",1
"Scientists make progress in understanding the brain's neural networks",0
"Community organization provides support for victims of natural disasters",0
"Police arrest key figure in international drug trafficking ring",1
"Scientists study effects of climate change on forest ecosystems",0
"Political unrest leads to widespread demonstrations and calls for change",1
